序号,名称,城市,类型,A级,门票(参考),简介,纬度(WGS84),经度(WGS84),坐标来源,坐标匹配对象
1,世界之窗,深圳,主题乐园,5A（华侨城旅游度假区）,约220元,汇集世界各地著名建筑微缩景观的大型主题公园，夜晚灯光秀精彩。,22.537506,113.968611,OSM Nominatim,世界之窗 (way/236402460)
2,深圳欢乐谷,深圳,主题乐园,5A（华侨城旅游度假区）,约230元,华南知名的大型游乐园，过山车、水公园等项目刺激好玩。,22.544631,113.975356,OSM Nominatim,欢乐谷 (way/181234737)
3,锦绣中华民俗村,深圳,历史文化,5A（华侨城旅游度假区）,约200元,微缩中华名胜与56个民族村寨风情于一园，有大型民俗演出。,22.533376,113.98362,OSM Nominatim,锦绣中华民俗村 (way/236402467)
4,东部华侨城,深圳,主题乐园,4A,,位于大梅沙山海间的生态旅游度假区，含大侠谷、茶溪谷等园区。,22.622758,114.28347,OSM Nominatim,东部华侨城 (node/7119295804)
5,大梅沙海滨公园,深圳,海滨海岛,,免费,深圳最受欢迎的免费沙滩之一，海水清澈、沙滩开阔。,22.594362,114.302641,OSM Nominatim,大梅沙 (way/192579211)
6,西涌海滩,深圳,海滨海岛,,,大鹏半岛南端的长沙滩，被誉为深圳最美海滩之一，适合露营看星空。,22.476372,114.530984,OSM Nominatim,西涌沙滩 (way/406422717)
7,大鹏所城,深圳,古镇古村,,免费,明代海防卫所古城，深圳别称“鹏城”即源于此。,22.597874,114.507692,OSM Nominatim,大鹏所城 (way/404249608)
8,梧桐山,深圳,自然风光,,免费,深圳最高峰所在地，登顶可俯瞰深港两地城市风光。,22.582268,114.214667,OSM Nominatim,梧桐山 (node/9131873008)
9,仙湖植物园,深圳,自然风光,4A,约15元,山湖相映的大型植物园，弘法寺坐落其中，适合休闲漫步。,22.580789,114.175739,OSM Nominatim,仙湖植物园 (way/270859682)
10,深圳湾公园,深圳,城市地标,,免费,沿深圳湾的滨海长廊，可远眺香港，观鸟看日落的好去处。,22.524592,113.987959,OSM Nominatim,深圳湾公园 (node/3433943197)
11,莲花山公园,深圳,城市地标,,免费,市中心公园，山顶有邓小平铜像，可俯瞰福田中心区天际线。,22.556628,114.053239,OSM Nominatim,莲花山公园 (way/41281446)
12,深圳野生动物园,深圳,主题乐园,4A,约240元,国内较早的城市野生动物园，可近距离观赏多种珍稀动物。,22.5998,113.968279,OSM Nominatim,深圳野生动物园 (way/249696516)
13,欢乐港湾,深圳,城市地标,4A,免费（摩天轮另收费）,前海滨海商业文旅区，“湾区之光”摩天轮是网红打卡地。,22.546311,113.881011,OSM Nominatim,欢乐港湾 (way/771513760)
14,平安金融中心,深圳,城市地标,,,深圳第一高楼，116层云际观景台可360度俯瞰城市。,22.536412,114.050471,OSM Nominatim,平安金融中心 (relation/9137146)
15,可园,东莞,历史文化,4A（可园博物馆景区）,,清代岭南四大名园之一，园林布局精巧玲珑。,23.045284,113.738124,OSM Nominatim,东莞可园 (way/619355190)
16,鸦片战争博物馆（林则徐纪念馆）,东莞,历史文化,4A,免费,位于虎门销烟旧址，系统展示鸦片战争历史。,22.828141,113.654557,OSM Nominatim,鸦片战争博物馆 (way/856669491)
17,威远炮台,东莞,历史文化,,,虎门海口的清代炮台遗址，鸦片战争重要战场之一。,22.798217,113.620758,OSM Nominatim,威远炮台 (way/583396711)
18,南社村,东莞,古镇古村,4A（南社村和塘尾村古建筑群）,,保存完好的明清古村落，祠堂、古榕与池塘相映成趣。,23.07028,113.900073,OSM Nominatim,南社明清古村落 (way/433788826)
19,塘尾村,东莞,古镇古村,4A（南社村和塘尾村古建筑群）,,以围墙、炮楼环绕的明清古建筑群，岭南村落格局完整。,23.083633,113.920343,OSM Nominatim,塘尾村 (node/2065805888)
20,松山湖,东莞,自然风光,4A（松山湖生态景区）,免费,湖光山色的生态科技园区，环湖骑行绿道广受欢迎。,22.893574,113.878226,OSM Nominatim,松山湖风景区 (node/5579134004)
21,观音山国家森林公园,东莞,自然风光,4A,,东莞樟木头的森林公园，山顶有巨型观音像，适合登山祈福。,22.907666,114.105857,OSM Nominatim,广东观音山国家森林公园
22,华阳湖湿地公园,东莞,自然风光,4A,免费,由污染水域治理而成的生态湿地，水乡风光秀美。,23.067437,113.566929,OSM Nominatim,华阳湖湿地公园 (relation/8555620)
23,银瓶山森林公园,东莞,自然风光,4A,免费,东莞最高峰银瓶嘴所在地，登山徒步热门路线。,22.884649,114.163905,OSM Nominatim,银瓶山郊野公园清溪片 (way/1022787767)
24,香市动物园,东莞,主题乐园,4A,,东莞大岭山的大型动物园，适合亲子游。,22.9992,113.846323,OSM Nominatim,东莞香市动物园 (way/520503071)
25,隐贤山庄,东莞,历史文化,4A,,融合岭南园林与仿古建筑的文化旅游景区。,22.976736,114.019361,OSM Nominatim,隐贤山庄 (way/1478760585)
26,惠州西湖,惠州,自然风光,5A,免费,因苏东坡而闻名的城市湖泊，与杭州西湖齐名，景致秀丽。,23.09801,114.395901,OSM Nominatim,惠州西湖 (relation/10599136)
27,罗浮山,惠州,自然风光,5A,,岭南第一山、道教名山，葛洪炼丹之地，山林幽深。,23.267525,114.032087,OSM Nominatim,罗浮山风景名胜区 (relation/20325818)
28,巽寮湾,惠州,海滨海岛,4A（巽寮国际滨海旅游度假区）,免费,“天赐白盆珠”，沙白水清，是深圳周边热门海滨度假地。,22.691902,114.743273,OSM Nominatim,巽寮湾 (way/1071380057)
29,双月湾,惠州,海滨海岛,,免费,两个半月形海湾相连，观景台可俯瞰绝美海岸线。,22.600269,114.902366,OSM Nominatim,双月湾 (way/492329861)
30,南昆山,惠州,自然风光,4A（龙门县南昆山生态旅游区）,,“南国避暑天堂”，竹海、溪流与温泉闻名。,23.635782,113.860303,OSM Nominatim,南昆山国家森林公园 (way/1410862349)
31,龙门铁泉,惠州,自然风光,4A,,以温泉疗养闻名的旅游度假区。,23.801444,114.253111,Wikipedia,zh.wikipedia 龙门铁泉 条目坐标
32,合江楼,惠州,历史文化,,,东江与西枝江交汇处的名楼，苏东坡曾寓居于此。,23.094457,114.404523,OSM Nominatim,合江楼 (way/1161054198)
33,水东街,惠州,历史文化,,免费,惠州老城的骑楼历史街区，汇聚地道美食小吃。,23.093872,114.404887,OSM Nominatim,水东街 (way/1161054199)
34,叶挺将军纪念园,惠州,历史文化,4A,免费,纪念北伐名将叶挺的红色纪念园，位于其故乡惠阳。,22.858568,114.416556,OSM Nominatim,叶挺将军纪念园 (way/601598982)
35,大亚湾红树林城市湿地公园,惠州,自然风光,4A,免费,滨海红树林湿地公园，观鸟、骑行的好去处。,22.737014,114.532147,OSM Nominatim,大亚湾红树林湿地公园科普馆 (way/1136249387)
36,广州塔,广州,城市地标,4A,约150元起,昵称“小蛮腰”，高600米，是广州最具代表性的地标。,23.109015,113.319148,OSM Nominatim,广州塔 man_made=tower
37,长隆野生动物世界,广州,主题乐园,5A（长隆旅游度假区）,约300元,拥有大熊猫、考拉等众多珍稀动物的大型野生动物园。,23.00531,113.309305,OSM Nominatim,长隆野生动物世界 (way/297264709)
38,长隆欢乐世界,广州,主题乐园,5A（长隆旅游度假区）,约250元,拥有众多世界级过山车与游乐设施的大型主题乐园。,23.002558,113.325685,OSM Nominatim,长隆欢乐世界 (way/292110019)
39,白云山,广州,自然风光,5A,5元,“羊城第一秀”，广州市民登高赏景的城市名山。,23.189633,113.293015,OSM Nominatim,白云山风景名胜区 (relation/8249243)
40,陈家祠,广州,历史文化,4A,10元,清代岭南宗祠建筑代表，雕刻装饰艺术精湛。,23.129828,113.240133,OSM Nominatim,陈家祠 (way/520935699)
41,沙面,广州,历史文化,,免费,珠江畔的欧陆风情建筑群岛，百年老建筑林立。,23.109448,113.239305,OSM Nominatim,沙面 (relation/6679655)
42,永庆坊,广州,历史文化,4A（西关永庆坊旅游区）,免费,西关老街区活化改造的文创街区，岭南骑楼与粤剧文化荟萃。,23.117503,113.232901,OSM Nominatim,永庆坊 (way/1164896995)
43,越秀公园,广州,城市地标,4A,免费,广州最大的综合性公园，五羊石像与镇海楼坐落其中。,23.142514,113.260408,OSM Nominatim,越秀公园 (way/255622888)
44,中山纪念堂,广州,历史文化,4A,10元,纪念孙中山先生的宏伟建筑，岭南传统建筑风格。,23.135592,113.259326,OSM Nominatim,中山纪念堂 (relation/8499873)
45,华南国家植物园,广州,自然风光,4A,约20元,中国最大的南亚热带植物园之一，植物种类丰富。,23.185023,113.363403,OSM Nominatim,华南国家植物园 (relation/9085554)
46,黄埔军校旧址,广州,历史文化,4A,免费,近代著名军校旧址，位于长洲岛上。,23.088692,113.419455,OSM Nominatim,黄埔军校旧址纪念馆 (way/422551795)
47,余荫山房,广州,历史文化,4A,,清代岭南四大名园之一，园林小巧精致。,23.01403,113.390063,OSM Nominatim,余荫山房 (way/1523898842)
48,沙湾古镇,广州,古镇古村,4A,免费,800多年历史的岭南古镇，广东音乐与飘色之乡。,22.904568,113.332108,OSM Nominatim,沙湾古镇 (way/499814088)
49,南越王博物院（王墓展区）,广州,历史文化,4A,,西汉南越王墓原址博物馆，藏有丝缕玉衣等珍贵文物。,23.140693,113.255626,OSM Photon,南越王博物院王墓展区
50,西樵山,佛山,自然风光,5A,,岭南名山，南海观音像与山间瀑布、古村相映。,22.929808,112.973783,OSM Nominatim,西樵山风景名胜区 (way/617727063)
51,长鹿旅游休博园,佛山,主题乐园,5A,,融农家风情、机动游乐与水上乐园于一体的综合旅游区。,22.881476,113.284821,OSM Nominatim,长鹿农庄 (relation/9108091)
52,祖庙,佛山,历史文化,4A（祖庙博物馆）,,始建于北宋的庙宇，内有黄飞鸿纪念馆、叶问堂，武术表演精彩。,23.031633,113.108089,OSM Nominatim,佛山祖庙 (way/195929060)
53,清晖园,佛山,历史文化,4A,,清代岭南四大名园之一，园林雅致，位于顺德大良。,22.838387,113.249829,OSM Nominatim,清晖园 (way/195061277)
54,南风古灶,佛山,历史文化,4A,,石湾明代龙窑，至今窑火不断，可体验陶艺制作。,23.007732,113.071821,OSM Nominatim,南風古灶 tourism=attraction
55,岭南天地,佛山,城市地标,,免费,祖庙周边的历史街区改造项目，岭南建筑与时尚商业融合。,23.032487,113.110894,OSM Nominatim,岭南天地 (way/271119197)
56,逢简水乡,佛山,古镇古村,,免费,顺德典型的岭南水乡，小桥流水，美食众多。,22.815635,113.149112,OSM Nominatim,逢简水乡 (way/1248796466)
57,南海影视城,佛山,主题乐园,4A（中央电视台南海影视城）,,仿古建筑影视拍摄基地，可感受宋元明清街景。,23.188709,113.1027,OSM Nominatim,南海影视城 (way/1303705295)
58,三水荷花世界,佛山,自然风光,4A,,以荷花为主题的生态旅游区，夏季荷花盛开。,23.198016,112.899399,OSM Nominatim,三水荷花世界 (way/197801408)
59,顺峰山公园,佛山,城市地标,,免费,顺德大型城市公园，牌坊宏伟，湖光山色。,22.821403,113.281128,OSM Nominatim,顺峰山公园 (relation/17231340)
60,孙中山故居纪念馆,中山,历史文化,5A（孙中山故里旅游区）,免费,孙中山先生的故居所在地，翠亨村保留大量历史建筑。,22.44527,113.523024,OSM Nominatim,孙中山故居 (way/989308255)
61,中山影视城,中山,主题乐园,5A（孙中山故里旅游区）,,孙中山故里旅游区的一部分，再现清末民初街景。,22.450836,113.52203,OSM Nominatim,中山影视城 (way/1240443295)
62,孙文西路步行街,中山,历史文化,,免费,中山老城骑楼商业街，中西合璧的建筑风貌。,22.52413,113.364196,OSM Nominatim,孙文西路 (way/239698413)
63,岐江公园,中山,城市地标,,免费,由旧船厂改造的工业遗址公园，获国际景观设计大奖。,22.519588,113.357765,OSM Nominatim,岐江公园 (way/398305100)
64,孙文纪念公园,中山,城市地标,,免费,山顶矗立孙中山铜像的城市公园。,22.500059,113.382829,OSM Nominatim,孙文纪念公园 (way/490116030)
65,紫马岭公园,中山,自然风光,,免费,中山城区大型综合公园，绿树成荫，适合休闲。,22.511504,113.40461,OSM Nominatim,紫马岭公园 (way/245385762)
66,珠海长隆海洋王国,珠海,主题乐园,,约450元,以海洋动物和主题游乐为特色的世界级海洋主题乐园。,22.099701,113.529978,OSM Nominatim,长隆海洋王国 (way/983815527)
67,珠海渔女,珠海,城市地标,,免费,珠海城市象征，香炉湾畔的渔女石雕。,22.265028,113.58304,OSM Nominatim,珠海渔女 (node/776049315)
68,情侣路,珠海,城市地标,,免费,沿海而建的滨海景观大道，步行骑行赏海景。,22.255667,113.585731,OSM Nominatim,情侣中路（吉大段）
69,日月贝（珠海大剧院）,珠海,城市地标,,,建于野狸岛上、形如贝壳的珠海大剧院。,22.285891,113.584251,OSM Nominatim,珠海大剧院 (node/1749730534)
70,野狸岛,珠海,海滨海岛,,免费,连通市区的小岛，环岛步道可眺望澳门与日月贝。,22.283371,113.587106,OSM Nominatim,野狸岛 (way/9762499)
71,圆明新园,珠海,历史文化,4A,,按比例复建北京圆明园部分景观的大型主题公园。,22.245003,113.533099,OSM Nominatim,圆明新园 (way/173428429)
72,外伶仃岛,珠海,海滨海岛,4A（外伶仃岛旅游度假区）,,万山群岛中的热门海岛，海水清澈，可远眺香港。,22.101054,114.036503,OSM Nominatim,外伶仃岛 (relation/11630543)
73,东澳岛,珠海,海滨海岛,4A（东澳岛旅游度假区）,,拥有南沙湾等美丽沙滩和明清古炮台的海岛。,22.021761,113.70142,OSM Nominatim,东澳岛 (relation/11640031)
74,桂山岛,珠海,海滨海岛,4A,,万山群岛的渔港海岛，可观港珠澳大桥与海上风电。,22.137398,113.824204,OSM Nominatim,桂山岛 (relation/3316227)
75,唐家湾古镇,珠海,古镇古村,,免费,名人辈出的岭南古镇，共乐园、唐家三庙等古迹集中。,22.362196,113.588271,OSM Nominatim,唐家湾古镇 (node/8832551023)
76,淇澳岛红树林,珠海,自然风光,,,淇澳岛上大面积的红树林湿地保护区，生态景观独特。,22.416248,113.631962,OSM Nominatim,淇澳岛 (way/9764496)
77,御温泉渡假村,珠海,自然风光,4A,,珠海斗门知名的温泉度假村。,22.250897,113.189822,OSM Photon,御温泉度假村 landuse
78,自力村碉楼群,江门,历史文化,5A（开平碉楼文化旅游区）,,世界文化遗产“开平碉楼与村落”代表，碉楼与稻田相映。,22.376496,112.574541,OSM Nominatim,自力村碉楼与村落 (way/838161569)
79,立园,江门,历史文化,5A（开平碉楼文化旅游区）,,华侨谢维立所建的中西合璧园林别墅。,22.352607,112.559984,OSM Nominatim,立园 (way/1212445522)
80,马降龙村落群,江门,古镇古村,5A（开平碉楼文化旅游区）,,竹林环抱的碉楼村落群，世界文化遗产组成部分。,22.288987,112.56307,OSM Nominatim,马降龙 (node/8128044441)
81,赤坎古镇,江门,古镇古村,,,骑楼林立的百年侨乡古镇，电影取景地。,22.32921,112.58311,OSM Nominatim,赤坎古镇 (node/11554388369)
82,小鸟天堂,江门,自然风光,4A（启超故里·小鸟天堂文化旅游区）,,巴金笔下的“小鸟天堂”，一株古榕独木成林，群鸟栖息。,22.462265,113.0455,OSM Nominatim,小鸟天堂 (way/237178547)
83,梁启超故居,江门,历史文化,4A（启超故里·小鸟天堂文化旅游区）,,近代思想家梁启超的故乡故居，位于新会茶坑村。,22.461193,113.066503,OSM Photon,茶坑村 place=village
84,圭峰山,江门,自然风光,4A,,新会名山，山中有玉台寺，登高可赏潭江风光。,22.558671,113.022584,OSM Nominatim,圭峰山 (node/2091901814)
85,上川岛,江门,海滨海岛,4A（川岛旅游度假区）,,广东较大的海岛之一，飞沙滩沙质细腻。,21.673394,112.795394,OSM Nominatim,上川岛 (relation/3463961)
86,古劳水乡,江门,古镇古村,4A,,鹤山的岭南水乡，河网纵横、桑基鱼塘景观独特。,22.825291,112.946106,OSM Nominatim,古劳水乡童梦村 (node/12982849125)
87,那琴半岛地质海洋公园,江门,海滨海岛,4A,,台山海滨的地质海洋公园，海岸景观奇特。,21.714658,112.346841,OSM Nominatim,那琴半岛地质海洋公园 (way/692907329)
88,玄武山,汕尾,历史文化,4A,,陆丰碣石的千年古刹元山寺所在地，香火鼎盛。,22.82059,115.829125,OSM Nominatim,玄武山 (way/631385142)
89,红海湾,汕尾,海滨海岛,4A,,拥有遮浪半岛等优质海滩的滨海旅游区，适合冲浪。,22.664687,115.566747,OSM Nominatim,红海湾 (way/814517717)
90,凤山祖庙,汕尾,历史文化,4A,,山顶矗立巨型妈祖石像的祖庙，可俯瞰汕尾港。,22.766498,115.365213,OSM Nominatim,凤山祖庙 (way/1328603743)
91,海丰红宫红场旧址,汕尾,历史文化,4A,免费,海陆丰农民运动和苏维埃政权旧址，著名红色景区。,22.970407,115.331154,OSM Nominatim,红场 (海丰县)
92,金町湾,汕尾,海滨海岛,,免费,汕尾市区的长沙滩，海景开阔，适合度假。,22.792868,115.291403,OSM Nominatim,金町湾 (node/8810342315)
93,品清湖,汕尾,自然风光,,免费,汕尾城区的大型潟湖，环湖景观优美。,22.768908,115.399426,OSM Nominatim,品清湖 (relation/11679225)
94,螺洞世外梅园,汕尾,自然风光,4A,,陆河县的赏梅胜地，每年冬季梅花漫山遍野。,23.27655,115.76968,OSM Nominatim,螺洞村 (node/2065877741)
95,万绿湖,河源,自然风光,5A,,华南最大的人工湖，湖水清澈，岛屿星罗棋布。,23.915855,114.53823,OSM Nominatim,新丰江水库 (relation/397886)
96,河源恐龙博物馆,河源,历史文化,4A（恐龙文博园景区）,免费,收藏大量恐龙蛋化石，世界级恐龙蛋化石收藏。,23.728458,114.695926,OSM Nominatim,河源恐龙博物馆(中国古动物馆恐龙蛋馆) (way/908952822)
97,苏家围,河源,古镇古村,4A（苏家围·东江画廊旅游景区）,,东江畔的客家古村，相传为苏东坡后裔聚居地。,23.844662,114.882638,OSM Nominatim,苏家围客家乡村旅游区 (way/1115743064)
98,巴伐利亚庄园,河源,城市地标,4A,,德国巴伐利亚风情的综合旅游度假区。,23.632174,114.615356,OSM Nominatim,巴伐利亚庄园 (node/11715794369)
99,佗城,河源,古镇古村,4A,,秦代古城，南越王赵佗曾任龙川县令，史迹众多。,24.05954,115.18294,OSM Nominatim,佗城 (node/2065801638)
100,霍山,河源,自然风光,4A（霍山旅游风景区）,,龙川境内的丹霞名山，奇峰怪石林立。,24.232605,115.508642,OSM Nominatim,霍山 (node/12309567876)
101,客天下水晶温泉,河源,自然风光,4A,,以温泉为核心的国际旅游度假区。,23.63021,114.623529,OSM Nominatim,河源客天下 leisure=resort
102,林寨古村,河源,古镇古村,,,和平县的客家四角楼古建筑群，规模宏大。,24.285424,115.062657,OSM Nominatim,林寨镇 (node/2541575515)
103,连州地下河,清远,自然风光,5A,,大型石灰岩溶洞地下河，可乘船游览钟乳石奇观。,25.003886,112.318904,OSM Nominatim,连州地下河 (node/4491538390)
104,千年瑶寨,清远,古镇古村,4A（南岗千年瑶寨景区）,,连南排瑶聚居的古老山寨，民俗风情浓郁。,24.584464,112.29473,OSM Nominatim,南岗 place=village (连南)
105,古龙峡,清远,自然风光,4A,,以峡谷漂流和玻璃桥闻名的生态旅游区。,23.782634,112.953104,OSM Nominatim,古龙峡 (way/1424946283)
106,黄腾峡,清远,自然风光,4A,,以生态漂流和高空玻璃桥闻名的峡谷景区。,23.769444,113.101667,Wikipedia,zh.wikipedia 黄腾峡 条目坐标
107,英西峰林,清远,自然风光,4A（九龙峰林小镇景区）,,英德西部的喀斯特峰林田园，被誉为“广东小桂林”。,24.154803,112.895163,OSM Nominatim,英西峰林走廊洞天仙境 (node/3345779571)
108,宝晶宫,清远,自然风光,4A,,英德的大型溶洞景区，洞内钟乳石形态各异。,24.126332,113.364027,OSM Nominatim,宝晶宫 (node/3343644078)
109,湟川三峡（擎天玻璃桥）,清远,自然风光,4A（湟川三峡-龙潭文化生态旅游区）,,连州的峡谷湖光景观，可乘船游览两岸奇峰。,24.707808,112.443732,OSM Photon,湟川三峡擎天玻璃桥
110,飞来寺,清远,历史文化,,,北江飞来峡畔的千年古刹，依山临江。,23.70398,113.160492,OSM Nominatim,飞来寺 (way/618607416)
111,七星岩,肇庆,自然风光,5A（星湖旅游景区）,,七座石灰岩山峰排列如北斗，湖光山色，摩崖石刻众多。,23.08057,112.472701,OSM Nominatim,七星岩景区 (relation/14320191)
112,鼎湖山,肇庆,自然风光,5A（星湖旅游景区）,,中国第一个国家级自然保护区，庆云寺与飞水潭知名。,23.173261,112.530601,OSM Nominatim,鼎湖山国家级自然保护区 (way/453513783)
113,肇庆古城墙（宋城墙）,肇庆,历史文化,,免费,保存完整的宋代古城墙，可登城漫步。,23.048068,112.454915,OSM Nominatim,肇庆古城墙 (relation/11321496)
114,阅江楼,肇庆,历史文化,,,西江畔的古楼，曾为叶挺独立团团部旧址。,23.047358,112.466689,OSM Nominatim,阅江楼 (way/827677823)
115,梅庵,肇庆,历史文化,,,北宋古建筑，相传为纪念六祖惠能而建。,23.052967,112.442311,OSM Nominatim,梅庵 (node/4794826426)
116,崇禧塔,肇庆,历史文化,,,西江边的明代九层古塔，肇庆标志之一。,23.047197,112.477736,OSM Nominatim,崇禧塔 (way/1466968297)
117,盘龙峡,肇庆,自然风光,4A,,以瀑布群和漂流著称的生态旅游区。,23.367553,111.819815,OSM Nominatim,盘龙峡 (node/7244280404)
118,龙母祖庙,肇庆,历史文化,4A,,德庆悦城的千年古庙，岭南建筑艺术瑰宝。,23.092044,112.128025,OSM Nominatim,龙母祖庙 (way/260067236)
119,德庆学宫,肇庆,历史文化,4A,,元代大成殿建筑，岭南保存最完整的古代学宫之一。,23.142132,111.763215,OSM Nominatim,德庆学宫 (way/898077647)
120,黎槎村,肇庆,古镇古村,,,按八卦布局的古村落，被称为“八卦村”。,22.9434,112.63648,OSM Nominatim,黎槎村 (node/2065893387)
121,维多利亚港,香港,城市地标,,免费,世界三大夜景之一，两岸摩天大楼与幻彩咏香江灯光秀。,22.290368,114.179825,OSM Nominatim,維多利亞港 (way/851848400)
122,太平山顶,香港,城市地标,,山顶缆车另收费,香港最高观景点，俯瞰维港全景，可乘山顶缆车上山。,22.269917,114.150667,OSM Nominatim,山頂 (node/457894077)
123,香港迪士尼乐园,香港,主题乐园,,,全球第五座迪士尼乐园，拥有冰雪奇缘世界等主题园区。,22.31307,114.040985,OSM Nominatim,香港迪士尼樂園 (way/377094298)
124,香港海洋公园,香港,主题乐园,,,集海洋动物、机动游戏和大熊猫于一体的主题公园。,22.234767,114.170817,OSM Nominatim,香港海洋公園 (relation/3676813)
125,天坛大佛（宝莲寺）,香港,历史文化,,免费,大屿山昂坪的巨型青铜坐佛，可乘昂坪360缆车前往。,22.25396,113.905012,OSM Nominatim,天壇大佛 (way/45659816)
126,星光大道,香港,城市地标,,免费,尖沙咀海滨长廊，纪念香港电影人，观维港夜景的佳处。,22.294147,114.175789,OSM Nominatim,星光大道 (relation/14947605)
127,黄大仙祠,香港,历史文化,,免费,香港香火最旺的道教庙宇，以“有求必应”闻名。,22.342818,114.193551,OSM Nominatim,黃大仙祠 (way/264462808)
128,大澳渔村,香港,古镇古村,,免费,大屿山西部的水乡渔村，棚屋林立，有“东方威尼斯”之称。,22.254152,113.86362,OSM Nominatim,大澳 (node/281146548)
129,浅水湾,香港,海滨海岛,,免费,港岛南区著名海滩，环境优美。,22.236549,114.19654,OSM Nominatim,淺水灣泳灘 (way/155997180)
130,香港故宫文化博物馆,香港,历史文化,,,西九文化区的博物馆，展出北京故宫珍贵文物。,22.301649,114.155398,OSM Nominatim,香港故宮文化博物館 (way/640750810)
131,万宜水库东坝（西贡）,香港,自然风光,,免费,香港世界地质公园的六角形火山岩柱景观，海天壮阔。,22.377474,114.346772,OSM Nominatim,萬宜水庫 (relation/30978)
132,南丫岛,香港,海滨海岛,,,悠闲的离岛，有行山径、海鲜街和沙滩。,22.209453,114.149727,OSM Nominatim,南丫島 (relation/12926172)
133,大三巴牌坊,澳门,历史文化,,免费,圣保禄教堂遗址前壁，澳门最具代表性的地标。,22.197457,113.54086,OSM Nominatim,大三巴牌坊 (way/192183185)
134,议事亭前地,澳门,历史文化,,免费,葡式碎石波浪地面的广场，澳门历史城区核心。,22.193827,113.53999,OSM Nominatim,議事亭前地 (way/192573684)
135,澳门塔,澳门,城市地标,,,高338米的观光塔，可玩高空蹦极，俯瞰澳门全景。,22.1798,113.536796,OSM Nominatim,澳門旅遊塔 (relation/21176879)
136,妈阁庙,澳门,历史文化,,免费,澳门最古老的庙宇之一，“Macau”英文名据传源于此。,22.186109,113.531267,OSM Nominatim,媽閣廟 (way/192187333)
137,大炮台,澳门,历史文化,,免费,17世纪耶稣会所建堡垒，现为澳门博物馆所在地。,22.197068,113.542243,OSM Nominatim,大炮台 (way/46510080)
138,东望洋灯塔,澳门,历史文化,,免费,远东最古老的现代灯塔，位于松山之巅。,22.196436,113.549706,OSM Nominatim,東望洋燈塔 (way/230576208)
139,澳门威尼斯人,澳门,城市地标,,免费,路氹城的大型度假村，室内运河可乘贡多拉船。,22.146716,113.560166,OSM Nominatim,澳門威尼斯人 (way/971051236)
140,官也街,澳门,历史文化,,免费,氹仔旧城区的美食街，葡挞、猪扒包等小吃云集。,22.153585,113.556974,OSM Nominatim,官也街 (way/183607324)
141,龙环葡韵,澳门,历史文化,,免费,氹仔海边的葡式住宅群，绿色建筑极具特色。,22.153941,113.559734,OSM Nominatim,龍環葡韻住宅式博物館 (node/4664838891)
142,黑沙海滩,澳门,海滨海岛,,免费,路环岛上的天然海滩，因沙呈黑色而得名。,22.12127,113.57099,OSM Nominatim,黑沙海灘 (way/229205167)
